"Month_No","y","pdf","cdf","pvalue","lcl","ucl","L","R"
15,3,0.209536286824002,0.682618489869583,0.317381510130417,0,6,0,5.68958145693146
16,0,0.0652370060401893,0.0652370060401893,0.0652370060401893,0,6,0,5.83163463832349
17,1,0.160838678662709,0.222992988406234,0.222992988406234,0,6,0,5.96055121359883
