"Month_No","y","pdf","cdf","pvalue","lcl","ucl","L","R"
15,3,0.20953628681173,0.682618490226016,0.317381509773984,0,6,0,5.68958145438088
16,0,0.0652370061486542,0.0652370061486542,0.0652370061486542,0,6,0,5.83163463550572
17,1,0.160838678873554,0.222992988734006,0.222992988734006,0,6,0,5.96055121053645
