"Month_No","y","pdf","cdf","pvalue","lcl","ucl","L","R"
15,3,0.209536241292862,0.682618435533131,0.317381564466869,0,6,0,5.68958260570636
16,0,0.0652370348295508,0.0652370348295508,0.0652370348295508,0,6,0,5.83163591343129
17,1,0.160838689918959,0.22299303250544,0.22299303250544,0,6,0,5.96055261714052
