"Month_No","y","pdf","cdf","pvalue","lcl","ucl","L","R"
15,0,0.479029083073659,0.479029083073659,0.479029083073659,0,4,0,3.69543369761753
16,0,0.460740281612435,0.460740281612435,0.460740281612435,0,4,0,3.96791295085431
17,0,0.443827906672918,0.443827906672918,0.443827906672918,0,5,0,4.37073818473539
