"Month_No","y","pdf","cdf","pvalue","lcl","ucl","L","R"
15,0,0.479029073630289,0.479029073630289,0.479029073630289,0,4,0,3.69543378472446
16,0,0.460740271436326,0.460740271436326,0.460740271436326,0,4,0,3.96791303764403
17,0,0.443827895848498,0.443827895848498,0.443827895848498,0,5,0,4.37073833655162
