"Month_No","y","pdf","cdf","pvalue","lcl","ucl","L","R"
15,0,0.479200079020564,0.479200079020564,0.479200079020564,0,4,0,3.6938540594843
16,0,0.460924505855909,0.460924505855909,0.460924505855909,0,4,0,3.96633859134783
17,0,0.444023829966308,0.444023829966308,0.444023829966308,0,5,0,4.36798296749996
