"Month_No","y","pdf","cdf","pvalue","lcl","ucl","L","R"
15,6,0.0411971608924003,0.944057815351754,0.0559421846482456,0,7,0,6.25178158932374
16,1,0.218509031799978,0.355317859182925,0.355317859182925,0,7,0,6.37631358630087
17,1,0.221837536555158,0.368186658281605,0.368186658281605,0,7,0,6.51338695721169
